WinRAR (64-bit),https://download.cnet.com/winrar-64-bit/3001-2250_4-10965579.html?dt=internalDownload
PhotoScape,https://download.cnet.com/photoscape/3001-2192_4-10703122.html?dt=internalDownload
WLan Driver 802.11n Rel. 4.80.28.7.zip,https://download.cnet.com/wlan-driver-802-11n-rel-4-80-28-7-zip/3001-2112_4-162411.html?dt=internalDownload
Euro Truck Simulator 2,https://download.cnet.com/euro-truck-simulator-2/3001-2115_4-75852520.html?dt=internalDownload
VLC Media Player (64-bit),https://download.cnet.com/vlc-media-player-64-bit/3001-13632_4-75761094.html?dt=internalDownload
Grand Theft Auto: Vice City Deluxe mod,https://download.cnet.com/grand-theft-auto-vice-city-deluxe-mod/3001-2121_4-10302916.html?dt=internalDownload
VLC Media Player (32-bit),https://download.cnet.com/vlc-media-player-32-bit/3001-13632_4-10267151.html?dt=internalDownload
WinRAR (32-bit),https://download.cnet.com/winrar-32-bit/3001-2250_4-10007677.html?dt=internalDownload
SketchUp Make 2017,https://download.cnet.com/sketchup-make-2017/3001-6677_4-10257337.html?dt=internalDownload
VPN Gate Client Plug-in with SoftEther VPN Client,https://download.cnet.com/vpn-gate-client-plug-in-with-softether-vpn-client/3001-2144_4-75886069.html?dt=internalDownload
Microsoft Office 2010 Service Pack 2 (64-Bit),https://download.cnet.com/microsoft-office-2010-service-pack-2-64-bit/3001-18513_4-75452814.html?dt=internalDownload
Internet Download Manager,https://download.cnet.com/internet-download-manager/3001-2071_4-10071618.html?dt=internalDownload
PowerISO (64-bit),https://download.cnet.com/poweriso-64-bit/3001-2646_4-76116067.html?dt=internalDownload
GTA Vice City Mod,https://download.cnet.com/gta-vice-city-mod/3001-2121_4-76324474.html?dt=internalDownload
Need for Speed Underground 2,https://download.cnet.com/need-for-speed-underground-2/3001-7513_4-10331372.html?dt=internalDownload
All Video Downloader,https://download.cnet.com/all-video-downloader/3001-2071_4-75706858.html?dt=internalDownload
WhatsApp,https://download.cnet.com/whatsapp/3001-2150_4-76640933.html?dt=internalDownload
NetSpeedMonitor (64-bit),https://download.cnet.com/netspeedmonitor-64-bit/3001-2085_4-77542868.html?dt=internalDownload
Microsoft Visual Studio 2010 Ultimate,https://download.cnet.com/microsoft-visual-studio-2010-ultimate/3001-2383_4-75450998.html?dt=internalDownload
RAR Password Unlocker,https://download.cnet.com/rar-password-unlocker/3001-18501_4-10965719.html?dt=internalDownload
APK Installer and Launcher,https://download.cnet.com/apk-installer-and-launcher/3001-20432_4-75915554.html?dt=internalDownload
TeamViewer,https://download.cnet.com/teamviewer/3001-7240_4-10398150.html?dt=internalDownload
Stronghold Crusader,https://download.cnet.com/stronghold-crusader/3001-7483_4-10813928.html?dt=internalDownload
Free Photo Viewer,https://download.cnet.com/free-photo-viewer/3001-18488_4-10808200.html?dt=internalDownload
IrfanView (64-bit),https://download.cnet.com/irfanview-64-bit/3001-2192_4-76444710.html?dt=internalDownload
WinX YouTube Downloader,https://download.cnet.com/winx-youtube-downloader/3001-2071_4-77117321.html?dt=internalDownload
HxD Hex Editor,https://download.cnet.com/hxd-hex-editor/3001-2352_4-10891068.html?dt=internalDownload
Microsoft Access Database Engine 2010 Redistributable (64-bit),https://download.cnet.com/microsoft-access-database-engine-2010-redistributable-64-bit/3001-10254_4-75452796.html?dt=internalDownload
Media Player Classic Home Cinema (64-bit),https://download.cnet.com/media-player-classic-home-cinema-64-bit/3001-13632_4-75285683.html?dt=internalDownload
Youtube to MP3 Downloader,https://download.cnet.com/youtube-to-mp3-downloader/3001-2071_4-75852349.html?dt=internalDownload
Windows 8.1 Installation Media Creation Tool,https://download.cnet.com/windows-8-1-installation-media-creation-tool/3001-18513_4-77572352.html?dt=internalDownload
Caffeine,https://download.cnet.com/caffeine/3001-2094_4-10914397.html?dt=internalDownload
SketchBook (64-bit),https://download.cnet.com/sketchbook-64-bit/3001-2191_4-76171062.html?dt=internalDownload
Hard Disk Sentinel,https://download.cnet.com/hard-disk-sentinel/3001-2086_4-10466403.html?dt=internalDownload
Microsoft Office 2016 Preview (32-bit),https://download.cnet.com/microsoft-office-2016-preview-32-bit/3001-2079_4-76384709.html?dt=internalDownload
Microsoft Silverlight (64-bit),https://download.cnet.com/microsoft-silverlight-64-bit/3001-2378_4-75884713.html?dt=internalDownload
HP USB Disk Storage Format Tool,https://download.cnet.com/hp-usb-disk-storage-format-tool/3001-2094_4-10974082.html?dt=internalDownload
VirtualDJ 2020,https://download.cnet.com/virtualdj-2020/3001-18502_4-10212112.html?dt=internalDownload
Avast Free Antivirus,https://download.cnet.com/avast-free-antivirus/3001-2239_4-10019223.html?dt=internalDownload
Pak Urdu Installer,https://download.cnet.com/pak-urdu-installer/3001-2094_4-75452850.html?dt=internalDownload
PotPlayer (64-bit),https://download.cnet.com/potplayer-64-bit/3001-13632_4-76158571.html?dt=internalDownload
Paint.NET,https://download.cnet.com/paint-net/3001-2192_4-10338146.html?dt=internalDownload
SoftEther VPN Client,https://download.cnet.com/softether-vpn-client/3001-7240_4-75886064.html?dt=internalDownload
Windows Live Essentials 2012,https://download.cnet.com/windows-live-essentials-2012/3001-20418_4-10805747.html?dt=internalDownload
Signer. Digital Chrome Extension,https://download.cnet.com/signer-digital-chrome-extension/3001-33362_4-78042540.html?dt=internalDownload
Windows Live Essentials 2012,https://download.cnet.com/windows-live-essentials-2012/3001-20418_4-10805747.html?dt=internalDownload
SoftEther VPN Client,https://download.cnet.com/softether-vpn-client/3001-7240_4-75886064.html?dt=internalDownload
Any Video Converter,https://download.cnet.com/any-video-converter/3001-2194_4-10661456.html?dt=internalDownload
GOM Player,https://download.cnet.com/gom-player/3001-13632_4-10551786.html?dt=internalDownload
"Microsoft Office Compatibility Pack for Word, Excel, and PowerPoint File Formats",https://download.cnet.com/microsoft-office-compatibility-pack-for-word-excel-and-powerpoint-file-formats/3001-18483_4-10648733.html?dt=internalDownload
Mozilla Firefox (64-bit),https://download.cnet.com/mozilla-firefox-64-bit/3001-2356_4-76472513.html?dt=internalDownload
YouTube Downloader,https://download.cnet.com/youtube-downloader/3001-2071_4-76471192.html?dt=internalDownload
Malwarebytes,https://download.cnet.com/malwarebytes/3001-8022_4-10804572.html?dt=internalDownload
PangoBright,https://download.cnet.com/pangobright/3001-2072_4-75327791.html?dt=internalDownload
Shortcut Virus Remover,https://download.cnet.com/shortcut-virus-remover/3001-2239_4-76253723.html?dt=internalDownload
WampServer (64-Bit),https://download.cnet.com/wampserver-64-bit/3001-10248_4-75544590.html?dt=internalDownload
Driver Booster,https://download.cnet.com/driver-booster/3001-18513_4-75992725.html?dt=internalDownload
Hex Workshop,https://download.cnet.com/hex-workshop/3001-2352_4-10004918.html?dt=internalDownload
Battle Realms,https://download.cnet.com/battle-realms/3001-7483_4-10229034.html?dt=internalDownload
MSXML 4.0 Service Pack 2 (Microsoft XML Core Services),https://download.cnet.com/msxml-4-0-service-pack-2-microsoft-xml-core-services/3001-2070_4-10726922.html?dt=internalDownload
WinZip,https://download.cnet.com/winzip/3001-2250_4-10003164.html?dt=internalDownload
Free Barcode Generator,https://download.cnet.com/free-barcode-generator/3001-2067_4-75940914.html?dt=internalDownload
7-Zip,https://download.cnet.com/7-zip/3001-2250_4-10045185.html?dt=internalDownload
G*Power,https://download.cnet.com/g-power/3001-2054_4-10647044.html?dt=internalDownload
Age of Empires,https://download.cnet.com/age-of-empires/3001-7483_4-10013361.html?dt=internalDownload
Realtek High Definition Audio Codec (Windows 7 / 8/ 8.1/ 10 64-bit),https://download.cnet.com/realtek-high-definition-audio-codec-windows-7-8-8-1-10-64-bit/3001-2120_4-77507761.html?dt=internalDownload
Microsoft .NET Framework 4.5.2,https://download.cnet.com/microsoft-net-framework-4-5-2/3001-18513_4-77693036.html?dt=internalDownload
Adobe Acrobat Reader DC,https://download.cnet.com/adobe-acrobat-reader-dc/3001-10743_4-10000062.html?dt=internalDownload
Windows 10 Codec Pack,https://download.cnet.com/windows-10-codec-pack/3001-13632_4-78666307.html?dt=internalDownload
PatchCleaner,https://download.cnet.com/patchcleaner/3001-18512_4-76399133.html?dt=internalDownload
Microsoft Office 2010 Service Pack 2 (32-Bit),https://download.cnet.com/microsoft-office-2010-service-pack-2-32-bit/3001-18513_4-75452813.html?dt=internalDownload
Access 2007 Download: Access Runtime,https://download.cnet.com/access-2007-download-access-runtime/3001-2070_4-10726092.html?dt=internalDownload
MiniTool Partition Wizard Free Edition,https://download.cnet.com/minitool-partition-wizard-free-edition/3001-2094_4-10962200.html?dt=internalDownload
YouTube Video And Music Downloader,https://download.cnet.com/youtube-video-and-music-downloader/3001-2071_4-76168453.html?dt=internalDownload
YouTube PlayList Downloader,https://download.cnet.com/youtube-playlist-downloader/3001-2071_4-76161216.html?dt=internalDownload
Samsung Smart View,https://download.cnet.com/samsung-smart-view/3001-31714_4-77520431.html?dt=internalDownload
PowerPoint Viewer,https://download.cnet.com/powerpoint-viewer/3001-2075_4-75450958.html?dt=internalDownload
Hotspot Shield,https://download.cnet.com/hotspot-shield/3001-2092_4-10594721.html?dt=internalDownload
PDF ReDirect,https://download.cnet.com/pdf-redirect/3001-10743_4-10255233.html?dt=internalDownload
Microsoft .NET Framework 3.5,https://download.cnet.com/microsoft-net-framework-3-5/3001-10250_4-75450147.html?dt=externalDownload
Automatic Mouse and Keyboard,https://download.cnet.com/automatic-mouse-and-keyboard/3001-2084_4-75324350.html?dt=internalDownload
Intel Network Adapter Driver for Windows 7,https://download.cnet.com/intel-network-adapter-driver-for-windows-7/3001-2112_4-77545516.html?dt=internalDownload
Recuva,https://download.cnet.com/recuva/3001-2242_4-10753287.html?dt=internalDownload
Chicken Invaders 4,https://download.cnet.com/chicken-invaders-4/3001-2099_4-75328879.html?dt=internalDownload
Microsoft Visual C++ 2010 Redistributable Package (x86),https://download.cnet.com/microsoft-visual-c-2010-redistributable-package-x86/3001-2383_4-75451146.html?dt=internalDownload
SlimDrivers Free,https://download.cnet.com/slimdrivers-free/3001-18513_4-75279940.html?dt=internalDownload
Java Runtime Environment (JRE),https://download.cnet.com/java-runtime-environment-jre/3001-2213_4-10009607.html?dt=internalDownload
Mendeley Desktop,https://download.cnet.com/mendeley-desktop/3001-18495_4-75181236.html?dt=internalDownload
WebcamViewer,https://download.cnet.com/webcamviewer/3001-12510_4-75324168.html?dt=internalDownload
Revo Uninstaller,https://download.cnet.com/revo-uninstaller/3001-2096_4-10687648.html?dt=internalDownload
Microsoft Access Database Engine 2010 Redistributable (32-bit),https://download.cnet.com/microsoft-access-database-engine-2010-redistributable-32-bit/3001-10254_4-75452795.html?dt=internalDownload
Free Snipping Tool,https://download.cnet.com/free-snipping-tool/3001-13455_4-77745838.html?dt=internalDownload
Midi Player,https://download.cnet.com/midi-player/3001-2139_4-75741533.html?dt=internalDownload
MD5 & SHA Checksum Utility,https://download.cnet.com/md5-sha-checksum-utility/3001-2092_4-10911445.html?dt=internalDownload
AVG AntiVirus Free,https://download.cnet.com/avg-antivirus-free/3001-2239_4-10320142.html?dt=internalDownload
RobotSoft Key Presser,https://download.cnet.com/robotsoft-key-presser/3001-2094_4-75337975.html?dt=internalDownload
Advanced SystemCare Free,https://download.cnet.com/advanced-systemcare-free/3001-2086_4-10407614.html?dt=internalDownload
Xpand! 2,https://download.cnet.com/xpand-2/3001-2169_4-76306077.html?dt=internalDownload
JetAudio Basic,https://download.cnet.com/jetaudio-basic/3001-2139_4-10013740.html?dt=internalDownload
Aasaan - Hindi Typing Tutor,https://download.cnet.com/aasaan-hindi-typing-tutor/3001-2051_4-10845175.html?dt=internalDownload
iCloud Remover Tool,https://download.cnet.com/icloud-remover-tool/3001-18551_4-76559433.html?dt=internalDownload
Advanced IP Scanner,https://download.cnet.com/advanced-ip-scanner/3001-2085_4-10115592.html?dt=internalDownload
Driver Easy,https://download.cnet.com/driver-easy/3001-18513_4-75090748.html?dt=internalDownload
Advanced IP Scanner,https://download.cnet.com/advanced-ip-scanner/3001-2085_4-10115592.html?dt=internalDownload
Free MKV to MP4 Converter (64-bit),https://download.cnet.com/free-mkv-to-mp4-converter-64-bit/3001-2194_4-77386764.html?dt=internalDownload
IrfanView (32-bit),https://download.cnet.com/irfanview-32-bit/3001-2192_4-10021962.html?dt=internalDownload
Python (32-bit),https://download.cnet.com/python-32-bit/3001-2069_4-10080057.html?dt=internalDownload
Microsoft Office 2003 Service Pack,https://download.cnet.com/microsoft-office-2003-service-pack/3001-18483_4-170478.html?dt=internalDownload
Microsoft Access 2010 Runtime (32-bit),https://download.cnet.com/microsoft-access-2010-runtime-32-bit/3001-10254_4-75452791.html?dt=internalDownload
SCANIA Truck Driving Simulator,https://download.cnet.com/scania-truck-driving-simulator/3001-2115_4-75852360.html?dt=internalDownload
Tally.ERP 9,https://download.cnet.com/tally-erp-9/3001-2066_4-76062383.html?dt=internalDownload
Winamp,https://download.cnet.com/winamp/3001-2141_4-10251792.html?dt=internalDownload
Microsoft Office 2007 Service Pack 3,https://download.cnet.com/microsoft-office-2007-service-pack-3/3001-18513_4-75724515.html?dt=internalDownload
2007 Office System Driver: Data Connectivity Components,https://download.cnet.com/2007-office-system-driver-data-connectivity-components/3001-10254_4-75452798.html?dt=internalDownload
PSD Codec,https://download.cnet.com/psd-codec/3001-18498_4-75157208.html?dt=internalDownload
Arabic Keyboard,https://download.cnet.com/arabic-keyboard/3001-2381_4-10487132.html?dt=internalDownload
Microsoft Visual C++ 2008 SP1 Redistributable Package (x86),https://download.cnet.com/microsoft-visual-c-2008-sp1-redistributable-package-x86/3001-2383_4-75451140.html?dt=internalDownload
Combined Community Codec Pack,https://download.cnet.com/combined-community-codec-pack/3001-2139_4-10966585.html?dt=internalDownload
Image Composite Editor (64-Bit),https://download.cnet.com/image-composite-editor-64-bit/3001-2192_4-75207152.html?dt=internalDownload
Free Archon Code 39 Barcode Font for Business,https://download.cnet.com/free-archon-code-39-barcode-font-for-business/3001-2190_4-75994173.html?dt=internalDownload
Microsoft Visual C++ 2005 SP1 Redistributable Package (x86),https://download.cnet.com/microsoft-visual-c-2005-sp1-redistributable-package-x86/3001-2070_4-10726887.html?dt=internalDownload
7-Zip (64-bit),https://download.cnet.com/7-zip-64-bit/3001-2250_4-10905593.html?dt=internalDownload
Panda Free Antivirus,https://download.cnet.com/panda-free-antivirus/3001-2239_4-10914099.html?dt=internalDownload
Windows Media Player (64-bit),https://download.cnet.com/windows-media-player-64-bit/3001-2139_4-10600284.html?dt=internalDownload
XPS Viewer,https://download.cnet.com/xps-viewer/3001-10743_4-75445582.html?dt=internalDownload
PDF Reader for Windows 10,https://download.cnet.com/pdf-reader-for-windows-10/3001-18497_4-76188229.html?dt=internalDownload
HP Print and Scan Doctor,https://download.cnet.com/hp-print-and-scan-doctor/3001-2088_4-77502645.html?dt=internalDownload
CMS,https://download.cnet.com/cms/3001-13633_4-76461854.html?dt=internalDownload
Facebook Pro,https://download.cnet.com/facebook-pro/3001-12941_4-75110467.html?dt=internalDownload
HDD Low Level Format Tool,https://download.cnet.com/hdd-low-level-format-tool/3001-2094_4-75544788.html?dt=internalDownload
3DP Chip,https://download.cnet.com/3dp-chip/3001-2094_4-10909920.html?dt=internalDownload
Free MP3 Cutter,https://download.cnet.com/free-mp3-cutter/3001-2170_4-75182284.html?dt=internalDownload
Dahua ConfigTool,https://download.cnet.com/dahua-configtool/3001-2379_4-77972238.html?dt=internalDownload
CPU Cooling Master - Laptop Cooler,https://download.cnet.com/cpu-cooling-master-laptop-cooler/3001-2094_4-77956681.html?dt=internalDownload
ProShow Producer,https://download.cnet.com/proshow-producer/3001-12511_4-85577.html?dt=internalDownload
Microsoft .NET Framework 4.6.2,https://download.cnet.com/microsoft-net-framework-4-6-2/3001-18513_4-77626187.html?dt=internalDownload
Free HEIC Converter,https://download.cnet.com/free-heic-converter/3001-18553_4-78050024.html?dt=internalDownload
MKV Player,https://download.cnet.com/mkv-player/3001-13632_4-78042553.html?dt=internalDownload
SpeedFan,https://download.cnet.com/speedfan/3001-2094_4-10067444.html?dt=internalDownload
Logitech Unifying Software,https://download.cnet.com/logitech-unifying-software/3001-2094_4-10969904.html?dt=internalDownload
EaseUS Data Recovery Wizard Free,https://download.cnet.com/easeus-data-recovery-wizard-free/3001-2248_4-75184619.html?dt=internalDownload
Restore Windows Photo Viewer,https://download.cnet.com/restore-windows-photo-viewer/3001-18488_4-77362441.html?dt=internalDownload
SG TCP Optimizer,https://download.cnet.com/sg-tcp-optimizer/3001-2155_4-10415840.html?dt=internalDownload
Need for Speed Underground 2 v1.2 patch,https://download.cnet.com/need-for-speed-underground-2-v1-2-patch/3001-7513_4-10371406.html?dt=internalDownload
Need for Speed Underground 2 v1.2 patch,https://download.cnet.com/need-for-speed-underground-2-v1-2-patch/3001-7513_4-10371406.html?dt=internalDownload
3uTools,https://download.cnet.com/3utools/3001-18553_4-76471756.html?dt=internalDownload
Logitech Unifying Software,https://download.cnet.com/logitech-unifying-software/3001-2094_4-10969904.html?dt=internalDownload
Free ZIP Password Recovery,https://download.cnet.com/free-zip-password-recovery/3001-18501_4-78297246.html?dt=internalDownload
Microsoft .NET Framework 4,https://download.cnet.com/microsoft-net-framework-4/3001-10250_4-75450154.html?dt=internalDownload
CrystalDiskInfo,https://download.cnet.com/crystaldiskinfo/3001-2086_4-10832082.html?dt=internalDownload
Password Cracker,https://download.cnet.com/password-cracker/3001-2092_4-10226556.html?dt=internalDownload
FileZilla,https://download.cnet.com/filezilla/3001-2160_4-10308966.html?dt=internalDownload
Realtek High Definition Audio Codec (Windows 7 / 8/ 8.1/ 10 32-bit),https://download.cnet.com/realtek-high-definition-audio-codec-windows-7-8-8-1-10-32-bit/3001-2120_4-77507760.html?dt=internalDownload
Plants vs. Zombies,https://download.cnet.com/plants-vs-zombies/3001-7483_4-10915096.html?dt=internalDownload
2007 Microsoft Office Suite Service Pack 2 (SP2),https://download.cnet.com/2007-microsoft-office-suite-service-pack-2-sp2/3001-18483_4-10914017.html?dt=internalDownload
Vegas Pro 17,https://download.cnet.com/vegas-pro-17/3001-13631_4-203975.html?dt=internalDownload
Glary Utilities,https://download.cnet.com/glary-utilities/3001-18512_4-10508531.html?dt=internalDownload
Need for Speed Most Wanted v1.3 patch,https://download.cnet.com/need-for-speed-most-wanted-v1-3-patch/3001-7513_4-10471256.html?dt=internalDownload
Nero Burning ROM 2020,https://download.cnet.com/nero-burning-rom-2020/3001-18554_4-75785458.html?dt=internalDownload
SmartPSS,https://download.cnet.com/smartpss/3001-2348_4-77971769.html?dt=internalDownload
Free Video Cutter Joiner,https://download.cnet.com/free-video-cutter-joiner/3001-13631_4-78053900.html?dt=internalDownload
Microsoft Access 2010 Runtime (64-bit),https://download.cnet.com/microsoft-access-2010-runtime-64-bit/3001-10254_4-75452792.html?dt=internalDownload
Athan (Azan) Basic,https://download.cnet.com/athan-azan-basic/3001-2135_4-10206122.html?dt=internalDownload
1-Click YouTube Downloader,https://download.cnet.com/1-click-youtube-downloader/3001-2071_4-75211386.html?dt=internalDownload
McAfee Total Protection,https://download.cnet.com/mcafee-total-protection/3001-2239_4-10763479.html?dt=internalDownload
ASIO4ALL,https://download.cnet.com/asio4all/3001-2120_4-75724497.html?dt=internalDownload
KP Typing Tutor,https://download.cnet.com/kp-typing-tutor/3001-2051_4-10421535.html?dt=internalDownload
McAfee Total Protection,https://download.cnet.com/mcafee-total-protection/3001-2239_4-10763479.html?dt=internalDownload
KP Typing Tutor,https://download.cnet.com/kp-typing-tutor/3001-2051_4-10421535.html?dt=internalDownload
By Click Downloader,https://download.cnet.com/by-click-downloader/3001-2071_4-76235928.html?dt=internalDownload
Call of Duty: World at War,https://download.cnet.com/call-of-duty-world-at-war/3001-7441_4-10968996.html?dt=internalDownload
Visual FoxPro 6.0 Setup Wizard,https://download.cnet.com/visual-foxpro-6-0-setup-wizard/3001-2070_4-10727761.html?dt=internalDownload
Notepad++ (64-bit),https://download.cnet.com/notepad-64-bit/3001-2352_4-77388575.html?dt=internalDownload
Telegram Desktop,https://download.cnet.com/telegram-desktop/3001-2150_4-77510272.html?dt=internalDownload
Microsoft Access 2010 Runtime (64-bit),https://download.cnet.com/microsoft-access-2010-runtime-64-bit/3001-10254_4-75452792.html?dt=internalDownload
Windows Virtual PC (64-bit),https://download.cnet.com/windows-virtual-pc-64-bit/3001-18513_4-75451520.html?dt=internalDownload
Microsoft SQL Server 2008 Management Studio Express (64-bit),https://download.cnet.com/microsoft-sql-server-2008-management-studio-express-64-bit/3001-2383_4-75451531.html?dt=internalDownload
AOMEI Partition Assistant Standard,https://download.cnet.com/aomei-partition-assistant-standard/3001-2248_4-75118871.html?dt=internalDownload
VMware Workstation Player,https://download.cnet.com/vmware-workstation-player/3001-2094_4-10470784.html?dt=internalDownload
123 Free Solitaire,https://download.cnet.com/123-free-solitaire/3001-2647_4-10022517.html?dt=internalDownload
Age of Empires Expansion: The Rise of Rome,https://download.cnet.com/age-of-empires-expansion-the-rise-of-rome/3001-7483_4-10023713.html?dt=internalDownload
ASIO4ALL,https://download.cnet.com/asio4all/3001-2120_4-75724497.html?dt=internalDownload
Any Video Downloader,https://download.cnet.com/any-video-downloader/3001-2071_4-76188846.html?dt=internalDownload
Computer Mouse Jiggler,https://download.cnet.com/computer-mouse-jiggler/3001-18487_4-78704609.html?dt=internalDownload
Macrium Reflect Free,https://download.cnet.com/macrium-reflect-free/3001-2242_4-10845728.html?dt=internalDownload
CPU-Z,https://download.cnet.com/cpu-z/3001-2086_4-10050423.html?dt=internalDownload
SyncToy (64-Bit),https://download.cnet.com/synctoy-64-bit/3001-2248_4-75289467.html?dt=internalDownload
YTD Downloader,https://download.cnet.com/ytd-downloader/3001-2071_4-78442109.html?dt=externalDownload
Comodo Dragon,https://download.cnet.com/comodo-dragon/3001-2356_4-75119680.html?dt=internalDownload
File Renamer Basic,https://download.cnet.com/file-renamer-basic/3001-2248_4-10306538.html?dt=internalDownload
Rabbit VPN,https://download.cnet.com/rabbit-vpn/3001-2144_4-78705292.html?dt=externalDownload
MP3 Converter,https://download.cnet.com/mp3-converter/3001-2140_4-75747802.html?dt=internalDownload
Easy File Locker (64-bit),https://download.cnet.com/easy-file-locker-64-bit/3001-2144_4-75712422.html?dt=internalDownload
Kernel Password Unmask,https://download.cnet.com/kernel-password-unmask/3001-2094_4-10432163.html?dt=internalDownload
Cybergames Network,https://download.cnet.com/cybergames-network/3001-7433_4-75629825.html?dt=internalDownload
PDF Reader for Windows 8,https://download.cnet.com/pdf-reader-for-windows-8/3001-18497_4-75691216.html?dt=internalDownload
Windows XP Mode,https://download.cnet.com/windows-xp-mode/3001-18513_4-77683344.html?dt=internalDownload
Xender for Windows 10,https://download.cnet.com/xender-for-windows-10/3001-2094_4-77639666.html?dt=internalDownload
CFF Explorer,https://download.cnet.com/cff-explorer/3001-2383_4-10431156.html?dt=internalDownload
SuperAntiSpyware Free Edition,https://download.cnet.com/superantispyware-free-edition/3001-8022_4-10523889.html?dt=internalDownload
USB Flash Drive Tester,https://download.cnet.com/usb-flash-drive-tester/3001-2086_4-10810585.html?dt=internalDownload
FIFA 07,https://download.cnet.com/fifa-07/3001-2117_4-10583414.html?dt=internalDownload
Jardinains,https://download.cnet.com/jardinains/3001-2099_4-10152043.html?dt=internalDownload
IGI 2: Covert Strike Single-player demo,https://download.cnet.com/igi-2-covert-strike-single-player-demo/3001-2097_4-10230096.html?dt=internalDownload
WinDirStat,https://download.cnet.com/windirstat/3001-2248_4-10614593.html?dt=internalDownload
Microsoft Web Platform Installer (64-bit),https://download.cnet.com/microsoft-web-platform-installer-64-bit/3001-2216_4-75453605.html?dt=internalDownload
Apple Safari,https://download.cnet.com/apple-safari/3001-2356_4-10697481.html?dt=internalDownload
Paragon Partition Manager Free Edition (64-bit),https://download.cnet.com/paragon-partition-manager-free-edition-64-bit/3001-2248_4-10904411.html?dt=internalDownload
Kindle for PC,https://download.cnet.com/kindle-for-pc/3001-2125_4-75185974.html?dt=internalDownload
Hard Disk Sentinel Pro Portable,https://download.cnet.com/hard-disk-sentinel-pro-portable/3001-2086_4-75647799.html?dt=internalDownload
MagicISO Maker,https://download.cnet.com/magiciso-maker/3001-2646_4-10191803.html?dt=internalDownload
Free2X Webcam Recorder,https://download.cnet.com/free2x-webcam-recorder/3001-13633_4-76103687.html?dt=internalDownload
All Video Downloader Pro,https://download.cnet.com/all-video-downloader-pro/3001-2071_4-75706854.html?dt=internalDownload
Hindi Typing Master,https://download.cnet.com/hindi-typing-master/3001-2279_4-78703859.html?dt=internalDownload
Grand Theft Auto: Vice City 1.1 patch,https://download.cnet.com/grand-theft-auto-vice-city-1-1-patch/3001-2097_4-10236476.html?dt=internalDownload
PotPlayer (32-bit),https://download.cnet.com/potplayer-32-bit/3001-13632_4-75587055.html?dt=internalDownload
PowerISO,https://download.cnet.com/poweriso/3001-2646_4-10439118.html?dt=internalDownload
Apache OpenOffice,https://download.cnet.com/apache-openoffice/3001-18483_4-10263109.html?dt=internalDownload
Microsoft Windows XP Service Pack 3,https://download.cnet.com/microsoft-windows-xp-service-pack-3/3001-18513_4-190061.html?dt=internalDownload
Notepad++ (32-bit),https://download.cnet.com/notepad-32-bit/3001-2352_4-10327521.html?dt=internalDownload
YouTube Music Downloader,https://download.cnet.com/youtube-music-downloader/3001-2071_4-10828807.html?dt=internalDownload
Core Temp,https://download.cnet.com/core-temp/3001-12565_4-75280179.html?dt=internalDownload
Far Cry 2,https://download.cnet.com/far-cry-2/3001-7441_4-10267976.html?dt=internalDownload
Service Pack 6 for Visual Basic 6.0,https://download.cnet.com/service-pack-6-for-visual-basic-6-0/3001-2206_4-10726545.html?dt=internalDownload
ProShow Gold,https://download.cnet.com/proshow-gold/3001-12511_4-10280465.html?dt=internalDownload
Free RAR Extractor,https://download.cnet.com/free-rar-extractor/3001-2250_4-77409609.html?dt=internalDownload
Free Spider Solitaire 2020,https://download.cnet.com/free-spider-solitaire-2020/3001-2647_4-10127566.html?dt=internalDownload
CrystalDiskMark,https://download.cnet.com/crystaldiskmark/3001-2094_4-75330576.html?dt=internalDownload
ColorClicker,https://download.cnet.com/colorclicker/3001-2084_4-75176841.html?dt=internalDownload
freeFTPd,https://download.cnet.com/freeftpd/3001-7240_4-75937652.html?dt=internalDownload
Madura English-Sinhala Dictionary,https://download.cnet.com/madura-english-sinhala-dictionary/3001-2279_4-10571464.html?dt=internalDownload
Breakaway Audio Enhancer,https://download.cnet.com/breakaway-audio-enhancer/3001-2169_4-10824539.html?dt=internalDownload
Bit Che,https://download.cnet.com/bit-che/3001-2196_4-10543409.html?dt=internalDownload
IEEE 802.11b USB WLAN Adapter,https://download.cnet.com/ieee-802-11b-usb-wlan-adapter/3001-2112_4-150843.html?dt=internalDownload
Service Pack 6 for Visual Basic 6.0,https://download.cnet.com/service-pack-6-for-visual-basic-6-0/3001-2206_4-10726545.html?dt=internalDownload
Easy Photo Print,https://download.cnet.com/easy-photo-print/3001-2088_4-10974482.html?dt=internalDownload
Free FLAC to MP3 Converter,https://download.cnet.com/free-flac-to-mp3-converter/3001-2140_4-75206134.html?dt=internalDownload
Wordinn English to Urdu Dictionary,https://download.cnet.com/wordinn-english-to-urdu-dictionary/3001-2279_4-75446066.html?dt=internalDownload
Far Cry 2,https://download.cnet.com/far-cry-2/3001-7441_4-10267976.html?dt=internalDownload
Foxit PDF Reader,https://download.cnet.com/foxit-pdf-reader/3001-18497_4-78706200.html?dt=internalDownload
freeFTPd,https://download.cnet.com/freeftpd/3001-7240_4-75937652.html?dt=internalDownload
Comodo IceDragon,https://download.cnet.com/comodo-icedragon/3001-2356_4-75856204.html?dt=internalDownload
Free Download Manager,https://download.cnet.com/free-download-manager/3001-2071_4-10301621.html?dt=internalDownload
IDT High Definition Audio CODEC,https://download.cnet.com/idt-high-definition-audio-codec/3001-2120_4-197119.html?dt=internalDownload
Free DLL Fixer,https://download.cnet.com/free-dll-fixer/3001-18512_4-76091325.html?dt=internalDownload
CD Recovery Toolbox Free,https://download.cnet.com/cd-recovery-toolbox-free/3001-2352_4-10646814.html?dt=internalDownload
Free YouTube Downloader,https://download.cnet.com/free-youtube-downloader/3001-2071_4-78442110.html?dt=internalDownload
Process Explorer,https://download.cnet.com/process-explorer/3001-2094_4-10223605.html?dt=internalDownload
PdaNet for Android (64-bit Windows Installer),https://download.cnet.com/pdanet-for-android-64-bit-windows-installer/3001-2155_4-75167583.html?dt=internalDownload
HP P2035 Laser Printer Driver,https://download.cnet.com/hp-p2035-laser-printer-driver/3001-2116_4-75210173.html?dt=internalDownload
Pinnacle Game Profiler,https://download.cnet.com/pinnacle-game-profiler/3001-2121_4-10414015.html?dt=internalDownload
PdaNet for Android (64-bit Windows Installer),https://download.cnet.com/pdanet-for-android-64-bit-windows-installer/3001-2155_4-75167583.html?dt=internalDownload
FabFilter Pro-Q (64 bit),https://download.cnet.com/fabfilter-pro-q-64-bit/3001-2169_4-75623385.html?dt=internalDownload
Free DVD Player,https://download.cnet.com/free-dvd-player/3001-13632_4-77725100.html?dt=internalDownload
Hard Time,https://download.cnet.com/hard-time/3001-2097_4-10629141.html?dt=internalDownload
FileAssassin,https://download.cnet.com/fileassassin/3001-2094_4-10639988.html?dt=internalDownload
Autodesk 3ds Max Design,https://download.cnet.com/autodesk-3ds-max-design/3001-18496_4-75451613.html?dt=internalDownload
AOL Desktop Gold,https://download.cnet.com/aol-desktop-gold/3001-2356_4-78207439.html?dt=internalDownload
X-VPN,https://download.cnet.com/x-vpn/3001-2092_4-77767822.html?dt=internalDownload
Microsoft Visual FoxPro 9.0 Service Pack 2.0,https://download.cnet.com/microsoft-visual-foxpro-9-0-service-pack-2-0/3001-2070_4-10726891.html?dt=internalDownload
Bluetooth Driver 5.0.1.1400.zip,https://download.cnet.com/bluetooth-driver-5-0-1-1400-zip/3001-2110_4-162259.html?dt=internalDownload
Fast Duplicate File Finder,https://download.cnet.com/fast-duplicate-file-finder/3001-2248_4-75183786.html?dt=internalDownload
HashCalc,https://download.cnet.com/hashcalc/3001-2250_4-10130770.html?dt=internalDownload
IDT High Definition Audio CODEC,https://download.cnet.com/idt-high-definition-audio-codec/3001-2120_4-197119.html?dt=internalDownload
Spybot - Search & Destroy Portable,https://download.cnet.com/spybot-search-destroy-portable/3001-8022_4-75331484.html?dt=internalDownload
USB Wireless 802.11 b/g Adaptor,https://download.cnet.com/usb-wireless-802-11-bg-adaptor/3001-2112_4-153783.html?dt=internalDownload
SymMover,https://download.cnet.com/symmover/3001-2248_4-75677418.html?dt=internalDownload
JSON Viewer,https://download.cnet.com/json-viewer/3001-2383_4-75808064.html?dt=internalDownload
XviD Video Codec,https://download.cnet.com/xvid-video-codec/3001-2140_4-10651548.html?dt=internalDownload
X-Mouse Button Control,https://download.cnet.com/x-mouse-button-control/3001-20432_4-75362562.html?dt=internalDownload
Microsoft DirectX Redistributable (June 2010),https://download.cnet.com/microsoft-directx-redistributable-june-2010/3001-2121_4-10176490.html?dt=internalDownload
Tamil Bible,https://download.cnet.com/tamil-bible/3001-2135_4-75874223.html?dt=internalDownload
AOL Desktop Gold,https://download.cnet.com/aol-desktop-gold/3001-2356_4-78207439.html?dt=internalDownload
Vectorian Giotto,https://download.cnet.com/vectorian-giotto/3001-6676_4-10524392.html?dt=internalDownload
Microsoft .NET Framework Redistributable Package (x86),https://download.cnet.com/microsoft-net-framework-redistributable-package-x86/3001-10250_4-77499385.html?dt=internalDownload
Lazesoft Recovery Suite Home,https://download.cnet.com/lazesoft-recovery-suite-home/3001-2242_4-75749925.html?dt=internalDownload
Halo: Combat Evolved,https://download.cnet.com/halo-combat-evolved/3001-7441_4-10235611.html?dt=internalDownload
MediaHuman YouTube Downloader,https://download.cnet.com/mediahuman-youtube-downloader/3001-2071_4-75703573.html?dt=internalDownload
Emoji Keyboard,https://download.cnet.com/emoji-keyboard/3001-20418_4-77548075.html?dt=internalDownload
Free TrueType Code 39 Barcode Font,https://download.cnet.com/free-truetype-code-39-barcode-font/3001-2190_4-10067143.html?dt=internalDownload
GetFLV,https://download.cnet.com/getflv/3001-2071_4-10618974.html?dt=internalDownload
PDFill Free PDF Tools,https://download.cnet.com/pdfill-free-pdf-tools/3001-18497_4-10435051.html?dt=internalDownload
Microsoft Expression Encoder 4,https://download.cnet.com/microsoft-expression-encoder-4/3001-18515_4-75450292.html?dt=internalDownload
Python (64-bit),https://download.cnet.com/python-64-bit/3001-2069_4-75908836.html?dt=internalDownload
Windows 7 Logon Background Changer,https://download.cnet.com/windows-7-logon-background-changer/3001-2072_4-10971736.html?dt=internalDownload
USB Wireless 802.11 b/g Adaptor,https://download.cnet.com/usb-wireless-802-11-bg-adaptor/3001-2112_4-153783.html?dt=internalDownload
Betternet,https://download.cnet.com/betternet/3001-2144_4-76276273.html?dt=internalDownload
4K Video Downloader,https://download.cnet.com/4k-video-downloader/3001-2071_4-75450636.html?dt=internalDownload
Microsoft SQL Server 2005 Express Edition,https://download.cnet.com/microsoft-sql-server-2005-express-edition/3001-10254_4-75452277.html?dt=internalDownload
Krita (32-bit),https://download.cnet.com/krita-32-bit/3001-2192_4-77681873.html?dt=internalDownload
SMTP Diag Tool,https://download.cnet.com/smtp-diag-tool/3001-2086_4-75701770.html?dt=internalDownload
Foxit PhantomPDF Standard,https://download.cnet.com/foxit-phantompdf-standard/3001-18497_4-75452962.html?dt=internalDownload
System Update Readiness Tool for Windows 7 (32-bit),https://download.cnet.com/system-update-readiness-tool-for-windows-7-32-bit/3001-18513_4-75451516.html?dt=internalDownload
IP Messenger (64-bit),https://download.cnet.com/ip-messenger-64-bit/3001-2150_4-75794711.html?dt=internalDownload
Windows 7 Logon Background Changer,https://download.cnet.com/windows-7-logon-background-changer/3001-2072_4-10971736.html?dt=internalDownload
Microsoft SQL Server 2008 Express (64-bit),https://download.cnet.com/microsoft-sql-server-2008-express-64-bit/3001-10254_4-75451533.html?dt=internalDownload
FxSound Enhancer,https://download.cnet.com/fxsound-enhancer/3001-2169_4-77568270.html?dt=internalDownload
Free FreeCell Solitaire,https://download.cnet.com/free-freecell-solitaire/3001-2647_4-75450604.html?dt=internalDownload
Mouse and Keyboard Recorder,https://download.cnet.com/mouse-and-keyboard-recorder/3001-2084_4-75327072.html?dt=internalDownload
Ohm Studio,https://download.cnet.com/ohm-studio/3001-2170_4-75728521.html?dt=internalDownload
Quick Heal Total Security,https://download.cnet.com/quick-heal-total-security/3001-2239_4-76088896.html?dt=internalDownload
YouTube Browser,https://download.cnet.com/youtube-browser/3001-13633_4-10646760.html?dt=internalDownload
Power Tab Editor,https://download.cnet.com/power-tab-editor/3001-2133_4-10502034.html?dt=internalDownload
Autodesk AutoCAD Civil 3D,https://download.cnet.com/autodesk-autocad-civil-3d/3001-2076_4-18979.html?dt=internalDownload
Flight Simulator X demo,https://download.cnet.com/flight-simulator-x-demo/3001-2115_4-10570927.html?dt=internalDownload
XmlPad,https://download.cnet.com/xmlpad/3001-7241_4-10252051.html?dt=internalDownload
Mouse and Keyboard Recorder,https://download.cnet.com/mouse-and-keyboard-recorder/3001-2084_4-75327072.html?dt=internalDownload
Start Menu 8,https://download.cnet.com/start-menu-8/3001-2072_4-75852660.html?dt=internalDownload
Grand Theft Auto: Vice City Cheat Mod,https://download.cnet.com/grand-theft-auto-vice-city-cheat-mod/3001-2097_4-10266023.html?dt=internalDownload
Canon EOS Webcam Utility Beta,https://download.cnet.com/canon-eos-webcam-utility-beta/3001-2348_4-78489570.html?dt=internalDownload
Resource Hacker,https://download.cnet.com/resource-hacker/3001-2352_4-10178587.html?dt=internalDownload
Microsoft .NET Framework 4.6.1,https://download.cnet.com/microsoft-net-framework-4-6-1/3001-18513_4-77555518.html?dt=internalDownload
Mz Ram Booster,https://download.cnet.com/mz-ram-booster/3001-2086_4-10630117.html?dt=internalDownload
PDF Reader for Windows 11,https://download.cnet.com/pdf-reader-for-windows-11/3001-18497_4-78704335.html?dt=internalDownload
Microsoft SQL Server 2008 Express (64-bit),https://download.cnet.com/microsoft-sql-server-2008-express-64-bit/3001-10254_4-75451533.html?dt=internalDownload
SMTP Diag Tool,https://download.cnet.com/smtp-diag-tool/3001-2086_4-75701770.html?dt=internalDownload
KoshyJohn Memory Cleaner,https://download.cnet.com/koshyjohn-memory-cleaner/3001-18512_4-75176624.html?dt=internalDownload
Free Fire,https://download.cnet.com/free-fire/3001-2095_4-78341573.html?dt=internalDownload
WLAN Optimizer,https://download.cnet.com/wlan-optimizer/3001-18508_4-77572385.html?dt=internalDownload
Windows 7 Boot Updater,https://download.cnet.com/windows-7-boot-updater/3001-18487_4-76324605.html?dt=internalDownload
Speakonia,https://download.cnet.com/speakonia/3001-7239_4-10125328.html?dt=internalDownload
XenArmor Instagram Password Recovery Pro,https://download.cnet.com/xenarmor-instagram-password-recovery-pro/3001-18501_4-77899880.html?dt=internalDownload
YouTube Downloader Free,https://download.cnet.com/youtube-downloader-free/3001-2071_4-76051522.html?dt=internalDownload
USB Flash Drive Format Tool,https://download.cnet.com/usb-flash-drive-format-tool/3001-2094_4-77465099.html?dt=internalDownload
Microsoft .NET Framework 1.1 Service Pack 1,https://download.cnet.com/microsoft-net-framework-1-1-service-pack-1/3001-10250_4-10725942.html?dt=internalDownload
WLAN Optimizer,https://download.cnet.com/wlan-optimizer/3001-18508_4-77572385.html?dt=internalDownload
Microsoft Visual C++ 2005 SP1 Redistributable Package (x64),https://download.cnet.com/microsoft-visual-c-2005-sp1-redistributable-package-x64/3001-10250_4-10732887.html?dt=internalDownload
Acoustica MP3 Audio Mixer,https://download.cnet.com/acoustica-mp3-audio-mixer/3001-2170_4-10029712.html?dt=internalDownload
AudibleManager,https://download.cnet.com/audiblemanager/3001-2139_4-10205472.html?dt=internalDownload
YouTube Downloader Free,https://download.cnet.com/youtube-downloader-free/3001-2071_4-76051522.html?dt=internalDownload
Windows 7 Boot Updater,https://download.cnet.com/windows-7-boot-updater/3001-18487_4-76324605.html?dt=internalDownload
Microsoft Mathematics (64-bit),https://download.cnet.com/microsoft-mathematics-64-bit/3001-20417_4-75450133.html?dt=internalDownload
CDBurnerXP,https://download.cnet.com/cdburnerxp/3001-2646_4-10409086.html?dt=internalDownload
Mz Ram Booster,https://download.cnet.com/mz-ram-booster/3001-2086_4-10630117.html?dt=internalDownload
Microsoft .NET Framework 4.6,https://download.cnet.com/microsoft-net-framework-4-6/3001-18513_4-77507754.html?dt=internalDownload
Speakonia,https://download.cnet.com/speakonia/3001-7239_4-10125328.html?dt=internalDownload
Rufus,https://download.cnet.com/rufus/3001-20432_4-77516681.html?dt=internalDownload
Nokia PC Suite,https://download.cnet.com/nokia-pc-suite/3001-10440_4-10598525.html?dt=internalDownload
CleanUp,https://download.cnet.com/cleanup/3001-2144_4-10727454.html?dt=internalDownload
MiniAide Fat32 Formatter,https://download.cnet.com/miniaide-fat32-formatter/3001-2094_4-75701815.html?dt=internalDownload
K7 TotalSecurity,https://download.cnet.com/k7-totalsecurity/3001-18510_4-10908644.html?dt=internalDownload
K7 TotalSecurity,https://download.cnet.com/k7-totalsecurity/3001-18510_4-10908644.html?dt=internalDownload
Microsoft Windows Imaging Component (64-bit),https://download.cnet.com/microsoft-windows-imaging-component-64-bit/3001-2192_4-75578538.html?dt=internalDownload
Audio Compressor,https://download.cnet.com/audio-compressor/3001-2140_4-75469704.html?dt=internalDownload
XAMPP,https://download.cnet.com/xampp/3001-10248_4-10703782.html?dt=internalDownload
ISO Opener,https://download.cnet.com/iso-opener/3001-2248_4-75711152.html?dt=internalDownload
C-Free,https://download.cnet.com/c-free/3001-2212_4-10311060.html?dt=internalDownload
Free Bulk Youtube Downloader,https://download.cnet.com/free-bulk-youtube-downloader/3001-2071_4-75329459.html?dt=internalDownload
XenArmor Instagram Password Recovery Pro,https://download.cnet.com/xenarmor-instagram-password-recovery-pro/3001-18501_4-77899880.html?dt=internalDownload
Radmin VPN,https://download.cnet.com/radmin-vpn/3001-2085_4-77622661.html?dt=internalDownload
NETGEAR Genie,https://download.cnet.com/netgear-genie/3001-2651_4-75803003.html?dt=internalDownload
WPS Office Premium,https://download.cnet.com/wps-office-premium/3001-18483_4-75563178.html?dt=internalDownload
Free PDF to Word Converter,https://download.cnet.com/free-pdf-to-word-converter/3001-18497_4-10849566.html?dt=internalDownload
Fences 4,https://download.cnet.com/fences-4/3001-2072_4-10909535.html?dt=internalDownload
Floola,https://download.cnet.com/floola/3001-2248_4-10671474.html?dt=internalDownload
Speccy,https://download.cnet.com/speccy/3001-2094_4-75181811.html?dt=internalDownload
PDFlite,https://download.cnet.com/pdflite/3001-18497_4-75445408.html?dt=internalDownload
MiniTool uTube Downloader,https://download.cnet.com/minitool-utube-downloader/3001-2071_4-78227063.html?dt=internalDownload
Data Lifeguard Diagnostic for Windows,https://download.cnet.com/data-lifeguard-diagnostic-for-windows/3001-2086_4-10972008.html?dt=internalDownload
Express Burn Free CD and DVD Burner,https://download.cnet.com/express-burn-free-cd-and-dvd-burner/3001-2646_4-75219417.html?dt=internalDownload
Minecraft Offline Files Installer,https://download.cnet.com/minecraft-offline-files-installer/3001-2121_4-76086862.html?dt=internalDownload
Easy YouTube Downloader,https://download.cnet.com/easy-youtube-downloader/3001-2071_4-76444289.html?dt=internalDownload
QuickStego,https://download.cnet.com/quickstego/3001-2092_4-75593140.html?dt=internalDownload
Minecraft Offline Files Installer,https://download.cnet.com/minecraft-offline-files-installer/3001-2121_4-76086862.html?dt=internalDownload
Easy YouTube Downloader,https://download.cnet.com/easy-youtube-downloader/3001-2071_4-76444289.html?dt=internalDownload
Need for Speed: Porsche Unleashed,https://download.cnet.com/need-for-speed-porsche-unleashed/3001-2115_4-10042862.html?dt=internalDownload
Free MP4 to 3GP Converter,https://download.cnet.com/free-mp4-to-3gp-converter/3001-2194_4-75156841.html?dt=internalDownload
AutoCAD Architecture,https://download.cnet.com/autocad-architecture/3001-18496_4-18976.html?dt=internalDownload
EOS Utility,https://download.cnet.com/eos-utility/3001-18489_4-201150.html?dt=internalDownload
CSV Splitter,https://download.cnet.com/csv-splitter/3001-2074_4-75910188.html?dt=internalDownload
AMCap,https://download.cnet.com/amcap/3001-13633_4-10504734.html?dt=internalDownload
Windows TubeMate,https://download.cnet.com/windows-tubemate/3001-2071_4-77994123.html?dt=internalDownload
Free Video Editor,https://download.cnet.com/free-video-editor/3001-13631_4-76471263.html?dt=internalDownload
Microsoft SQL Server Management Studio Express (64-bit),https://download.cnet.com/microsoft-sql-server-management-studio-express-64-bit/3001-10254_4-75452285.html?dt=internalDownload
Facebook Desktop Messenger,https://download.cnet.com/facebook-desktop-messenger/3001-2150_4-76359343.html?dt=internalDownload
Free SoundCloud Downloader,https://download.cnet.com/free-soundcloud-downloader/3001-2071_4-78156434.html?dt=internalDownload
Swords and Sandals 2: Emperor's Reign,https://download.cnet.com/swords-and-sandals-2-emperor-s-reign/3001-7536_4-75206376.html?dt=internalDownload
Disk Drill,https://download.cnet.com/disk-drill/3001-2248_4-76277044.html?dt=internalDownload
DirectX 9.0c End-User Runtime,https://download.cnet.com/directx-9-0c-end-user-runtime/3001-18513_4-77507663.html?dt=internalDownload
Apowersoft Free Screen Recorder,https://download.cnet.com/apowersoft-free-screen-recorder/3001-13633_4-75959899.html?dt=internalDownload
Microsoft Office Outlook Connector for Windows Live Hotmail,https://download.cnet.com/microsoft-office-outlook-connector-for-windows-live-hotmail/3001-2367_4-75451207.html?dt=internalDownload
Dependency Walker (64-Bit),https://download.cnet.com/dependency-walker-64-bit/3001-2086_4-75785868.html?dt=internalDownload
Microsoft .NET Framework Version 2.0 Redistributable Package (x64),https://download.cnet.com/microsoft-net-framework-version-2-0-redistributable-package-x64/3001-10250_4-10726013.html?dt=internalDownload
HandBrake,https://download.cnet.com/handbrake/3001-2194_4-10808250.html?dt=internalDownload
Autodesk DWF Viewer,https://download.cnet.com/autodesk-dwf-viewer/3001-6677_4-10276414.html?dt=internalDownload
Microsoft Office Visio 2007 SP1,https://download.cnet.com/microsoft-office-visio-2007-sp1/3001-18483_4-75451289.html?dt=internalDownload
The Matrix Screen Saver,https://download.cnet.com/the-matrix-screen-saver/3001-2257_4-10067722.html?dt=internalDownload
TomTom MyDrive Connect,https://download.cnet.com/tomtom-mydrive-connect/3001-20422_4-77675633.html?dt=internalDownload
Subtitle Edit,https://download.cnet.com/subtitle-edit/3001-2170_4-90536.html?dt=internalDownload
Graphic Equalizer Studio,https://download.cnet.com/graphic-equalizer-studio/3001-2170_4-76305166.html?dt=internalDownload
WavePad Free Audio and Music Editor,https://download.cnet.com/wavepad-free-audio-and-music-editor/3001-2170_4-75742513.html?dt=internalDownload
Age of Empires II: The Conquerers Expansion,https://download.cnet.com/age-of-empires-ii-the-conquerers-expansion/3001-7483_4-10047484.html?dt=internalDownload
Free MP3 Cutter Joiner,https://download.cnet.com/free-mp3-cutter-joiner/3001-18505_4-78053885.html?dt=internalDownload
LAN Speed Test,https://download.cnet.com/lan-speed-test/3001-2085_4-10908738.html?dt=internalDownload
SecureZIP,https://download.cnet.com/securezip/3001-2092_4-10191865.html?dt=internalDownload
Sound Forge Pro 14,https://download.cnet.com/sound-forge-pro-14/3001-2170_4-10005603.html?dt=internalDownload
Typing Trainer,https://download.cnet.com/typing-trainer/3001-2051_4-10046660.html?dt=internalDownload
Ashampoo Burning Studio Free,https://download.cnet.com/ashampoo-burning-studio-free/3001-2646_4-10776287.html?dt=internalDownload
Ralink 802.11n Wireless LAN Card,https://download.cnet.com/ralink-802-11n-wireless-lan-card/3001-2112_4-202534.html?dt=internalDownload
TuneUp Utilities 2019,https://download.cnet.com/tuneup-utilities-2019/3001-18512_4-10206416.html?dt=internalDownload
Skitch for Windows,https://download.cnet.com/skitch-for-windows/3001-12511_4-75835711.html?dt=internalDownload
Need for Speed III: Hot Pursuit,https://download.cnet.com/need-for-speed-iii-hot-pursuit/3001-7513_4-10022663.html?dt=internalDownload
The Holy Bible King James Version,https://download.cnet.com/the-holy-bible-king-james-version/3001-2135_4-10921431.html?dt=internalDownload
Hotkey Spammer,https://download.cnet.com/hotkey-spammer/3001-2084_4-76168989.html?dt=internalDownload
iPhone Configuration Utility for Windows,https://download.cnet.com/iphone-configuration-utility-for-windows/3001-20432_4-10969175.html?dt=internalDownload
redsn0w,https://download.cnet.com/redsn0w/3001-18553_4-75764461.html?dt=internalDownload
Sniper: Ghost Warrior,https://download.cnet.com/sniper-ghost-warrior/3001-7441_4-75221451.html?dt=internalDownload
Realtek High Definition Audio Codec (Windows Vista / Windows 7 / Windows 8 32-bit),https://download.cnet.com/realtek-high-definition-audio-codec-windows-vista-windows-7-windows-8-32-bit/3001-2120_4-10788600.html?dt=internalDownload
Kruti Dev Font Typing Master,https://download.cnet.com/kruti-dev-font-typing-master/3001-2279_4-78703860.html?dt=internalDownload
Pyidaungsu,https://download.cnet.com/pyidaungsu/3001-2190_4-76475974.html?dt=internalDownload
Tor Browser Bundle,https://download.cnet.com/tor-browser-bundle/3001-2356_4-75660251.html?dt=internalDownload
Smart Defrag,https://download.cnet.com/smart-defrag/3001-2094_4-10759533.html?dt=internalDownload
Reset Forgotten Windows Password,https://download.cnet.com/reset-forgotten-windows-password/3001-18501_4-78704411.html?dt=internalDownload
OST PST Viewer,https://download.cnet.com/ost-pst-viewer/3001-2369_4-77366120.html?dt=internalDownload
Flexible Renamer,https://download.cnet.com/flexible-renamer/3001-2248_4-28799.html?dt=internalDownload
Puran File Recovery (64-bit),https://download.cnet.com/puran-file-recovery-64-bit/3001-2094_4-75856225.html?dt=internalDownload
USB Drive Antivirus,https://download.cnet.com/usb-drive-antivirus/3001-2239_4-10841283.html?dt=internalDownload
Media Player Classic Home Cinema,https://download.cnet.com/media-player-classic-home-cinema/3001-13632_4-199375.html?dt=internalDownload
GoldWave,https://download.cnet.com/goldwave/3001-2170_4-10001099.html?dt=internalDownload
USB Drive Antivirus,https://download.cnet.com/usb-drive-antivirus/3001-2239_4-10841283.html?dt=internalDownload
Advanced SystemCare Ultimate,https://download.cnet.com/advanced-systemcare-ultimate/3001-2239_4-75738707.html?dt=internalDownload
PC 73 Virtual Piano Keyboard,https://download.cnet.com/pc-73-virtual-piano-keyboard/3001-2133_4-75755196.html?dt=internalDownload
GS Auto Clicker,https://download.cnet.com/gs-auto-clicker/3001-2084_4-75689594.html?dt=internalDownload
Microsoft Report Viewer 2010 Redistributable,https://download.cnet.com/microsoft-report-viewer-2010-redistributable/3001-10250_4-75450847.html?dt=internalDownload
Ariolic Disk Scanner,https://download.cnet.com/ariolic-disk-scanner/3001-2086_4-10812955.html?dt=internalDownload
Kural Tamil Software (Tamil),https://download.cnet.com/kural-tamil-software-tamil/3001-2079_4-10696429.html?dt=internalDownload
Free RAR Extract Frog,https://download.cnet.com/free-rar-extract-frog/3001-2250_4-10804840.html?dt=internalDownload
Pepakura Viewer,https://download.cnet.com/pepakura-viewer/3001-6677_4-10350147.html?dt=internalDownload
TrackView,https://download.cnet.com/trackview/3001-2162_4-76161039.html?dt=internalDownload
HP Camera,https://download.cnet.com/hp-camera/3001-2110_4-146395.html?dt=internalDownload
S7-200 Simulator,https://download.cnet.com/s7-200-simulator/3001-2084_4-10976614.html?dt=internalDownload
YouTube Movie Downloader,https://download.cnet.com/youtube-movie-downloader/3001-2071_4-10946565.html?dt=internalDownload
HyperTerminal Private Edition,https://download.cnet.com/hyperterminal-private-edition/3001-2155_4-10966768.html?dt=internalDownload
Mouse Server,https://download.cnet.com/mouse-server/3001-7240_4-75691440.html?dt=externalDownload
Half-Life 2 Garry's mod,https://download.cnet.com/half-life-2-garry-s-mod/3001-7441_4-10353043.html?dt=internalDownload
SVG Explorer Extension,https://download.cnet.com/svg-explorer-extension/3001-2248_4-78237543.html?dt=internalDownload
Icecream PDF Editor,https://download.cnet.com/icecream-pdf-editor/3001-18497_4-77961041.html?dt=internalDownload
CuteFTP,https://download.cnet.com/cuteftp/3001-2160_4-10000625.html?dt=internalDownload
UltraISO Premium,https://download.cnet.com/ultraiso-premium/3001-2646_4-10177302.html?dt=internalDownload
iWisoft Video Converter,https://download.cnet.com/iwisoft-video-converter/3001-2194_4-10974272.html?dt=internalDownload
Snipping Tool,https://download.cnet.com/snipping-tool/3001-20418_4-78360520.html?dt=internalDownload
Process Cleaner,https://download.cnet.com/process-cleaner/3001-18514_4-75613370.html?dt=internalDownload
Microsoft Edge,https://download.cnet.com/microsoft-edge/3001-2356_4-78562282.html?dt=internalDownload
Keyboard Lights,https://download.cnet.com/keyboard-lights/3001-2094_4-77406114.html?dt=internalDownload
Command & Conquer Red Alert 2 1.01 patch,https://download.cnet.com/command-conquer-red-alert-2-1-01-patch/3001-2121_4-10236246.html?dt=internalDownload
WPS Office,https://download.cnet.com/wps-office/3001-18483_4-77597682.html?dt=internalDownload
Free MP3 CD Burner,https://download.cnet.com/free-mp3-cd-burner/3001-2646_4-78354139.html?dt=internalDownload
Microsoft Core XML Services (MSXML) 6.0,https://download.cnet.com/microsoft-core-xml-services-msxml-6-0/3001-7241_4-10725999.html?dt=internalDownload
RPG Maker VX Ace,https://download.cnet.com/rpg-maker-vx-ace/3001-2121_4-75695654.html?dt=internalDownload
Your Uninstaller,https://download.cnet.com/your-uninstaller/3001-2096_4-10143715.html?dt=internalDownload
iCare Data Recovery Free,https://download.cnet.com/icare-data-recovery-free/3001-2248_4-75628752.html?dt=internalDownload
The Levelator,https://download.cnet.com/the-levelator/3001-2170_4-197650.html?dt=internalDownload
Kontakt Player,https://download.cnet.com/kontakt-player/3001-2170_4-10161711.html?dt=internalDownload
The Levelator,https://download.cnet.com/the-levelator/3001-2170_4-197650.html?dt=internalDownload
ALZip,https://download.cnet.com/alzip/3001-2250_4-10326198.html?dt=internalDownload
xSQL Script Executor,https://download.cnet.com/xsql-script-executor/3001-10254_4-10803508.html?dt=internalDownload
Autodesk Maya,https://download.cnet.com/autodesk-maya/3001-2186_4-75764523.html?dt=internalDownload
4K YouTube to MP3,https://download.cnet.com/4k-youtube-to-mp3/3001-2071_4-76079688.html?dt=internalDownload
Galaxy Unlocker Client,https://download.cnet.com/galaxy-unlocker-client/3001-20432_4-75744525.html?dt=internalDownload
IM-Magic Partition Resizer Free,https://download.cnet.com/im-magic-partition-resizer-free/3001-2248_4-76037246.html?dt=internalDownload
Dell Wireless drivers,https://download.cnet.com/dell-wireless-drivers/3001-2112_4-109107.html?dt=internalDownload
Free AVI Player,https://download.cnet.com/free-avi-player/3001-13632_4-77334085.html?dt=internalDownload
Wise Driver Care,https://download.cnet.com/wise-driver-care/3001-18512_4-77583774.html?dt=internalDownload
CalcTape,https://download.cnet.com/calctape/3001-20417_4-90456.html?dt=internalDownload
DX-Ball,https://download.cnet.com/dx-ball/3001-2099_4-10155579.html?dt=internalDownload
Microsoft Visual Studio 2010 Service Pack 1,https://download.cnet.com/microsoft-visual-studio-2010-service-pack-1/3001-2070_4-75451099.html?dt=internalDownload
Microsoft Visual C++ 2005 Redistributable Package (x86),https://download.cnet.com/microsoft-visual-c-2005-redistributable-package-x86/3001-2070_4-10726885.html?dt=internalDownload
Sonic Adventure DX,https://download.cnet.com/sonic-adventure-dx/3001-7433_4-10262476.html?dt=internalDownload
OneDrive for Windows,https://download.cnet.com/onedrive-for-windows/3001-18500_4-75820158.html?dt=internalDownload
DWG TrueView,https://download.cnet.com/dwg-trueview/3001-18496_4-10690117.html?dt=internalDownload
Peek Through,https://download.cnet.com/peek-through/3001-2094_4-10977282.html?dt=internalDownload
IDA Pro,https://download.cnet.com/ida-pro/3001-2218_4-10800676.html?dt=internalDownload
Realtek PCIe FE Family Controller driver for Windows 10,https://download.cnet.com/realtek-pcie-fe-family-controller-driver-for-windows-10/3001-2112_4-77507764.html?dt=internalDownload
PodTrans,https://download.cnet.com/podtrans/3001-18546_4-75733600.html?dt=internalDownload
Free Excel Password Recovery,https://download.cnet.com/free-excel-password-recovery/3001-2077_4-78046253.html?dt=internalDownload
Cutting Optimization Pro,https://download.cnet.com/cutting-optimization-pro/3001-2191_4-75760663.html?dt=internalDownload
HTTrack Website Copier (64-bit),https://download.cnet.com/httrack-website-copier-64-bit/3001-2377_4-75300477.html?dt=internalDownload
iGPSGo Location Changer,https://download.cnet.com/igpsgo-location-changer/3001-20422_4-78705875.html?dt=internalDownload
YAMAHA USB MIDI Driver,https://download.cnet.com/yamaha-usb-midi-driver/3001-2110_4-148231.html?dt=internalDownload
Games for Windows - Live,https://download.cnet.com/games-for-windows-live/3001-2121_4-10966787.html?dt=internalDownload
Dahua AVI Convert,https://download.cnet.com/dahua-avi-convert/3001-2194_4-77972237.html?dt=internalDownload
Outlook on the Desktop (64-bit),https://download.cnet.com/outlook-on-the-desktop-64-bit/3001-2369_4-75279753.html?dt=internalDownload
hp LaserJet 1320 PCL6,https://download.cnet.com/hp-laserjet-1320-pcl6/3001-2116_4-115475.html?dt=internalDownload
Free Excel Viewer,https://download.cnet.com/free-excel-viewer/3001-2077_4-78205611.html?dt=internalDownload
Hide.me VPN,https://download.cnet.com/hide-me-vpn/3001-2144_4-76274079.html?dt=internalDownload
Grand Theft Auto: San Andreas Multi Theft Auto mod,https://download.cnet.com/grand-theft-auto-san-andreas-multi-theft-auto-mod/3001-2097_4-10494651.html?dt=internalDownload
ABBYY FineReader,https://download.cnet.com/abbyy-finereader/3001-10743_4-75115698.html?dt=internalDownload
All Video Player,https://download.cnet.com/all-video-player/3001-13632_4-76178422.html?dt=internalDownload
Hott Notes,https://download.cnet.com/hott-notes/3001-2074_4-10453018.html?dt=internalDownload
Microsoft OLE DB Provider for Visual FoxPro 9.0,https://download.cnet.com/microsoft-ole-db-provider-for-visual-foxpro-9-0/3001-10254_4-10729530.html?dt=internalDownload
ASUS Smart Gesture (Touchpad Driver),https://download.cnet.com/asus-smart-gesture-touchpad-driver/3001-18491_4-77508098.html?dt=internalDownload
Ghost Mouse,https://download.cnet.com/ghost-mouse/3001-2084_4-10863731.html?dt=internalDownload
GCFScape,https://download.cnet.com/gcfscape/3001-20432_4-75182007.html?dt=internalDownload
SmartQRP,https://download.cnet.com/smartqrp/3001-10743_4-10433393.html?dt=internalDownload
Grand Theft Auto III RealGTA3 mod,https://download.cnet.com/grand-theft-auto-iii-realgta3-mod/3001-2097_4-10261124.html?dt=internalDownload
Xilisoft Download YouTube Video,https://download.cnet.com/xilisoft-download-youtube-video/3001-2071_4-10966715.html?dt=internalDownload
DHTML Editing Control for Applications Redistributable Package (x86),https://download.cnet.com/dhtml-editing-control-for-applications-redistributable-package-x86/3001-18483_4-10743863.html?dt=internalDownload
WarpPLS,https://download.cnet.com/warppls/3001-2054_4-75042779.html?dt=internalDownload
Logic Friday,https://download.cnet.com/logic-friday/3001-20415_4-75848245.html?dt=internalDownload
KMZ Earth Maps for Google Earth,https://download.cnet.com/kmz-earth-maps-for-google-earth/3001-20426_4-75575507.html?dt=internalDownload
YT Downloader,https://download.cnet.com/yt-downloader/3001-2071_4-76169892.html?dt=internalDownload
Logitech Webcam Software for Windows 10,https://download.cnet.com/logitech-webcam-software-for-windows-10/3001-2348_4-77592932.html?dt=internalDownload
ClocX,https://download.cnet.com/clocx/3001-2350_4-10714893.html?dt=internalDownload
Windows Virtual PC (32-bit),https://download.cnet.com/windows-virtual-pc-32-bit/3001-18513_4-75451519.html?dt=internalDownload
Decapitator,https://download.cnet.com/decapitator/3001-2169_4-75735980.html?dt=internalDownload
WinAgents TFTP Server,https://download.cnet.com/winagents-tftp-server/3001-2160_4-10891024.html?dt=internalDownload
Universal Simlock Remover,https://download.cnet.com/universal-simlock-remover/3001-2381_4-10380518.html?dt=internalDownload
FileMind QuickFix,https://download.cnet.com/filemind-quickfix/3001-12511_4-75563232.html?dt=internalDownload
MP3Gain,https://download.cnet.com/mp3gain/3001-2169_4-10175552.html?dt=internalDownload
Virtual CloneDrive,https://download.cnet.com/virtual-clonedrive/3001-20432_4-173879.html?dt=internalDownload
Wireshark (64-bit),https://download.cnet.com/wireshark-64-bit/3001-2085_4-75099280.html?dt=internalDownload
Audacity,https://download.cnet.com/audacity/3001-2170_4-10058117.html?dt=internalDownload
JumpStart,https://download.cnet.com/jumpstart/3001-10254_4-10490917.html?dt=internalDownload
The You Testament,https://download.cnet.com/the-you-testament/3001-2097_4-10907896.html?dt=internalDownload
Trend Micro HijackThis,https://download.cnet.com/trend-micro-hijackthis/3001-8022_4-10227353.html?dt=internalDownload
Technitium MAC Address Changer,https://download.cnet.com/technitium-mac-address-changer/3001-2085_4-10554920.html?dt=internalDownload
QPES & PSD Pro Evolution Soccer 2013 Patch,https://download.cnet.com/qpes-psd-pro-evolution-soccer-2013-patch/3001-2117_4-75864210.html?dt=internalDownload
ExtremeCopy Free (64-bit),https://download.cnet.com/extremecopy-free-64-bit/3001-2248_4-75450408.html?dt=internalDownload
Avira Free Security,https://download.cnet.com/avira-free-security/3001-18510_4-10322935.html?dt=internalDownload
Free DVD Creator,https://download.cnet.com/free-dvd-creator/3001-18554_4-78341696.html?dt=internalDownload
Everything,https://download.cnet.com/everything/3001-2379_4-10890746.html?dt=internalDownload
Mafia II demo,https://download.cnet.com/mafia-ii-demo/3001-2095_4-75452248.html?dt=internalDownload
FastCopy (64 bit),https://download.cnet.com/fastcopy-64-bit/3001-2248_4-75237068.html?dt=internalDownload
Realtek AC'97 Driver (Windows 98/Me/2000/XP/2003),https://download.cnet.com/realtek-ac-97-driver-windows-98me2000xp2003/3001-2120_4-10238712.html?dt=internalDownload
Ummy Video Downloader,https://download.cnet.com/ummy-video-downloader/3001-2071_4-76442105.html?dt=internalDownload
Iconoid (64-Bit),https://download.cnet.com/iconoid-64-bit/3001-2072_4-75784328.html?dt=internalDownload
PDF-XChange Viewer (64-Bit),https://download.cnet.com/pdf-xchange-viewer-64-bit/3001-18497_4-75362548.html?dt=internalDownload
SakasaMouse,https://download.cnet.com/sakasamouse/3001-2056_4-10553398.html?dt=internalDownload
Televzr Light,https://download.cnet.com/televzr-light/3001-2071_4-78299991.html?dt=internalDownload
vanBasco's Karaoke Player,https://download.cnet.com/vanbasco-s-karaoke-player/3001-2139_4-10017880.html?dt=internalDownload
ACDSee Free,https://download.cnet.com/acdsee-free/3001-18488_4-75755858.html?dt=internalDownload
360 Total Security,https://download.cnet.com/360-total-security/3001-2239_4-76145154.html?dt=internalDownload
XNote Timer,https://download.cnet.com/xnote-timer/3001-2350_4-10912167.html?dt=internalDownload
AnyBurn (64-bit),https://download.cnet.com/anyburn-64-bit/3001-2646_4-77576867.html?dt=internalDownload
TV 3L PC,https://download.cnet.com/tv-3l-pc/3001-31714_4-76171580.html?dt=internalDownload
CMOS De-Animator (64-bit),https://download.cnet.com/cmos-de-animator-64-bit/3001-18512_4-75221776.html?dt=internalDownload
HD Video Converter Factory,https://download.cnet.com/hd-video-converter-factory/3001-2194_4-75327092.html?dt=internalDownload
MediaHuman YouTube to MP3 Converter,https://download.cnet.com/mediahuman-youtube-to-mp3-converter/3001-2140_4-75416175.html?dt=internalDownload
FileZilla Server,https://download.cnet.com/filezilla-server/3001-2160_4-75123212.html?dt=internalDownload
Warcraft III: The Frozen Throne,https://download.cnet.com/warcraft-iii-the-frozen-throne/3001-7483_4-75066640.html?dt=internalDownload
Video Screensaver,https://download.cnet.com/video-screensaver/3001-2409_4-10820531.html?dt=internalDownload
iMacros for Firefox,https://download.cnet.com/imacros-for-firefox/3001-11745_4-10614433.html?dt=internalDownload
System Update Readiness Tool for Windows 7 (64-bit),https://download.cnet.com/system-update-readiness-tool-for-windows-7-64-bit/3001-18513_4-75451515.html?dt=internalDownload
TriKaraoke MP3+G Player (Free),https://download.cnet.com/trikaraoke-mp3-g-player-free/3001-2139_4-10806257.html?dt=internalDownload
Zune,https://download.cnet.com/zune/3001-2141_4-75179815.html?dt=internalDownload
Home Ftp Server,https://download.cnet.com/home-ftp-server/3001-2160_4-10652632.html?dt=internalDownload
CDA to MP3 Converter,https://download.cnet.com/cda-to-mp3-converter/3001-2140_4-10958004.html?dt=internalDownload
Microsoft IntelliType Pro (64-bit),https://download.cnet.com/microsoft-intellitype-pro-64-bit/3001-2110_4-10966819.html?dt=internalDownload
K7 AntiVirus Premium,https://download.cnet.com/k7-antivirus-premium/3001-2239_4-76116440.html?dt=internalDownload
NetSpeedMonitor (32-bit),https://download.cnet.com/netspeedmonitor-32-bit/3001-2085_4-77542866.html?dt=internalDownload
ADS Instant HDTV PCI,https://download.cnet.com/ads-instant-hdtv-pci/3001-2110_4-161344.html?dt=internalDownload
Microsoft DirectX Runtime Web Installer (June 2010),https://download.cnet.com/microsoft-directx-runtime-web-installer-june-2010/3001-2121_4-10054826.html?dt=internalDownload
hp scanjet 5590,https://download.cnet.com/hp-scanjet-5590/3001-2110_4-153765.html?dt=internalDownload
4K Downloader,https://download.cnet.com/4k-downloader/3001-2071_4-76384343.html?dt=internalDownload
DesignSpark Electrical (64-bit),https://download.cnet.com/designspark-electrical-64-bit/3001-18496_4-77433922.html?dt=internalDownload
HitmanPro (64-bit),https://download.cnet.com/hitmanpro-64-bit/3001-2239_4-75110395.html?dt=internalDownload
Canon LASER SHOT LBP-1120,https://download.cnet.com/canon-laser-shot-lbp-1120/3001-2116_4-187178.html?dt=internalDownload
ConvertXtoDVD,https://download.cnet.com/convertxtodvd/3001-2194_4-10341695.html?dt=internalDownload
Return to Castle Wolfenstein: Enemy Territory (full install),https://download.cnet.com/return-to-castle-wolfenstein-enemy-territory-full-install/3001-7441_4-10243510.html?dt=internalDownload
Hide Window Plus,https://download.cnet.com/hide-window-plus/3001-2092_4-10461045.html?dt=internalDownload
Norton Security Deluxe,https://download.cnet.com/norton-security-deluxe/3001-2239_4-10592477.html?dt=internalDownload
Microsoft Windows Defender,https://download.cnet.com/microsoft-windows-defender/3001-8022_4-55082.html?dt=internalDownload
EPSON LX-300+,https://download.cnet.com/epson-lx-300/3001-2116_4-105111.html?dt=internalDownload
WWE Raw,https://download.cnet.com/wwe-raw/3001-2095_4-10246943.html?dt=internalDownload
Qlock,https://download.cnet.com/qlock/3001-2350_4-10053697.html?dt=internalDownload
SpaceSniffer,https://download.cnet.com/spacesniffer/3001-18512_4-10913555.html?dt=internalDownload
Yamaha USB-MIDI Driver,https://download.cnet.com/yamaha-usb-midi-driver/3001-2110_4-187426.html?dt=internalDownload
TightVNC Portable,https://download.cnet.com/tightvnc-portable/3001-7240_4-75332206.html?dt=internalDownload
TwoFingerScroll,https://download.cnet.com/twofingerscroll/3001-2094_4-75595402.html?dt=internalDownload
Free Window Registry Repair,https://download.cnet.com/free-window-registry-repair/3001-2086_4-10606555.html?dt=internalDownload
VMware Workstation Pro,https://download.cnet.com/vmware-workstation-pro/3001-2094_4-10470786.html?dt=internalDownload
File Shredder,https://download.cnet.com/file-shredder/3001-2144_4-10662831.html?dt=internalDownload
Internet Explorer 9 (Windows Vista/7/Server 2008),https://download.cnet.com/internet-explorer-9-windows-vista7server-2008/3001-2356_4-75726958.html?dt=internalDownload
Mp3DirSorter,https://download.cnet.com/mp3dirsorter/3001-2141_4-10966260.html?dt=internalDownload
WinToUSB,https://download.cnet.com/wintousb/3001-18513_4-76061723.html?dt=internalDownload
Microsoft Visio Premium 2010 (64-bit),https://download.cnet.com/microsoft-visio-premium-2010-64-bit/3001-2064_4-75451132.html?dt=internalDownload
Wise Disk Cleaner,https://download.cnet.com/wise-disk-cleaner/3001-18512_4-10613345.html?dt=internalDownload
Letasoft Sound Booster,https://download.cnet.com/letasoft-sound-booster/3001-2169_4-75761429.html?dt=internalDownload
PC Study Bible Limited Edition,https://download.cnet.com/pc-study-bible-limited-edition/3001-2135_4-78001983.html?dt=internalDownload
Free Watermark Remover,https://download.cnet.com/free-watermark-remover/3001-2192_4-77992960.html?dt=internalDownload
Vitrite,https://download.cnet.com/vitrite/3001-2072_4-10079850.html?dt=internalDownload
Qemu Manager,https://download.cnet.com/qemu-manager/3001-2094_4-75451507.html?dt=internalDownload
Realtek RTL8187 Wireless 802.11g 54Mbps USB 2.0 Network Adapter,https://download.cnet.com/realtek-rtl8187-wireless-802-11g-54mbps-usb-2-0-network-adapter/3001-2112_4-147223.html?dt=internalDownload
Ready Boost Monitor,https://download.cnet.com/ready-boost-monitor/3001-2094_4-10893116.html?dt=internalDownload
Microsoft IntelliPoint Driver (64-bit),https://download.cnet.com/microsoft-intellipoint-driver-64-bit/3001-18491_4-10734878.html?dt=internalDownload
Jingle Palette,https://download.cnet.com/jingle-palette/3001-18502_4-75609358.html?dt=internalDownload
JoyToKey,https://download.cnet.com/joytokey/3001-2094_4-75220348.html?dt=internalDownload
Allway Sync (64-Bit),https://download.cnet.com/allway-sync-64-bit/3001-18511_4-75205824.html?dt=internalDownload
UTM Coordinate Converter,https://download.cnet.com/utm-coordinate-converter/3001-12940_4-75961066.html?dt=internalDownload
Bengali Typing Master,https://download.cnet.com/bengali-typing-master/3001-2279_4-78703979.html?dt=internalDownload
JoyToKey,https://download.cnet.com/joytokey/3001-2094_4-75220348.html?dt=internalDownload
Aasaan - Tamil Typing Tutor,https://download.cnet.com/aasaan-tamil-typing-tutor/3001-2051_4-10844838.html?dt=internalDownload
QGIS (64-bit),https://download.cnet.com/qgis-64-bit/3001-12940_4-77556163.html?dt=internalDownload
ezCheckPrinting,https://download.cnet.com/ezcheckprinting/3001-2066_4-10697208.html?dt=internalDownload
Allway Sync (64-Bit),https://download.cnet.com/allway-sync-64-bit/3001-18511_4-75205824.html?dt=internalDownload
FAT32format,https://download.cnet.com/fat32format/3001-2094_4-77594227.html?dt=internalDownload
CursorFX,https://download.cnet.com/cursorfx/3001-2317_4-10070056.html?dt=internalDownload
URL Rewrite for IIS (64-bit),https://download.cnet.com/url-rewrite-for-iis-64-bit/3001-18489_4-75451806.html?dt=internalDownload
Microsoft SQL Server 2005 Service Pack 3 (64-bit),https://download.cnet.com/microsoft-sql-server-2005-service-pack-3-64-bit/3001-18513_4-75452190.html?dt=internalDownload
IP Camera Viewer,https://download.cnet.com/ip-camera-viewer/3001-2348_4-75609217.html?dt=internalDownload
WonTube Free Video Converter,https://download.cnet.com/wontube-free-video-converter/3001-2194_4-75630206.html?dt=internalDownload
Yahoo Widgets,https://download.cnet.com/yahoo-widgets/3001-12565_4-10335368.html?dt=internalDownload
IP Config Tool,https://download.cnet.com/ip-config-tool/3001-2085_4-75902642.html?dt=internalDownload
Freegate,https://download.cnet.com/freegate/3001-2085_4-10415391.html?dt=internalDownload
Wise Registry Cleaner,https://download.cnet.com/wise-registry-cleaner/3001-2086_4-10605508.html?dt=internalDownload
djay Pro,https://download.cnet.com/djay-pro/3001-18502_4-77510662.html?dt=internalDownload
TightVNC (64 bit),https://download.cnet.com/tightvnc-64-bit/3001-7240_4-75708712.html?dt=internalDownload
Microsoft IntelliPoint 8.2 Mouse Software for Windows (64-bit),https://download.cnet.com/microsoft-intellipoint-8-2-mouse-software-for-windows-64-bit/3001-2356_4-75542649.html?dt=internalDownload
Spotify,https://download.cnet.com/spotify/3001-2141_4-10912348.html?dt=internalDownload
iMyFone LockWiper (Android),https://download.cnet.com/imyfone-lockwiper-android/3001-2094_4-78042446.html?dt=internalDownload
Duplicate Cleaner,https://download.cnet.com/duplicate-cleaner/3001-2248_4-10584403.html?dt=internalDownload
Office XP Service Pack 3 (SP3),https://download.cnet.com/office-xp-service-pack-3-sp3/3001-2064_4-10277510.html?dt=internalDownload
Unassoc,https://download.cnet.com/unassoc/3001-2094_4-75911436.html?dt=internalDownload
Openconnect VPN Client,https://download.cnet.com/openconnect-vpn-client/3001-2092_4-76171511.html?dt=internalDownload
iToolab UnlockGo (Android),https://download.cnet.com/itoolab-unlockgo-android/3001-18501_4-78705144.html?dt=internalDownload
Advanced Key and Mouse Recorder,https://download.cnet.com/advanced-key-and-mouse-recorder/3001-2084_4-10445843.html?dt=internalDownload
Free JPG to PDF Converter,https://download.cnet.com/free-jpg-to-pdf-converter/3001-18497_4-78561043.html?dt=internalDownload
Video Splitter Software,https://download.cnet.com/video-splitter-software/3001-13631_4-78705036.html?dt=internalDownload
PDF to JPG Converter,https://download.cnet.com/pdf-to-jpg-converter/3001-18497_4-75285589.html?dt=internalDownload
Krita (64-bit),https://download.cnet.com/krita-64-bit/3001-2192_4-77681874.html?dt=internalDownload
TrackMania Nations Forever,https://download.cnet.com/trackmania-nations-forever/3001-7513_4-10832111.html?dt=internalDownload
Canon LASER SHOT LBP-1210,https://download.cnet.com/canon-laser-shot-lbp-1210/3001-2116_4-187179.html?dt=internalDownload
Wise Care 365,https://download.cnet.com/wise-care-365/3001-18512_4-75744630.html?dt=externalDownload
DivX,https://download.cnet.com/divx/3001-13632_4-10062728.html?dt=internalDownload
